Workbook

Sheet 工作事项台账
A1: 当前时间 | B1: =NOW() -> 46273.915 | D1: ▶当前 | E1: =COUNTIF(A5:A271,"▶") -> 0 | G1: 立即处理 | H1: =COUNTIF(B5:B271,"1*") -> 1 | J1: 今日处理 | K1: =COUNTIF(B5:B271,"2*") -> 2 | M1: 待催缺日期 | N1: =COUNTIFS(F5:F271,"等待他人",M5:M271,"",E5:E271,"<>") -> 1
A2: 使用原则：只维护“当前状态”；定位入口用于快速回到聊天记录/文件路径/工单等上下文；等待他人时务必设置“下一关注时间”；有实质进展时更新“最近更新时间”。时间字段集中为：添加时间 → 最近更新时间 → 下一关注时间 → 截止时间 → 滞留天数。
A4: ▶当前 | B4: 关注级别 | C4: 项目 | D4: 事项类型 | E4: 事项 | F4: 状态 | G4: 当前球权 | H4: 当前进展 | I4: 下一步动作 | J4: 定位入口 | K4: 添加时间 | L4: 最近更新时间 | M4: 下一关注时间 | N4: 截止时间 | O4: 滞留天数 | P4: 完整流程 | Q4: 加速因素 | R4: 人工置顶
B5: =IF(E5="","",IF(OR(F5="已完成",F5="已取消",F5="已移交"),"4 暂不关注",IF(OR(R5="强制立即",A5="▶",AND(ISNUMBER(N5),IF(MOD(N5,1)=0,INT(N5)+下拉列表!$H$5,N5)<=$B$1),AND(F5<>"等待他人",OR(COUNTIF(Q5,"*止损*")>0,COUNTIF(Q5,"*阻塞*")>0))),"1 立即处理",IF(OR(R5="强制今日",AND(F5="等待他人",M5=""),AND(ISNUMBER(M5),IF(MOD(M5,1)=0,INT(M5)+下拉列表!$H$2,M5)<=$B$1),AND(ISNUMBER(N5),INT(IF(MOD(N5,1)=0,INT(N5)+下拉列表!$H$5,N5))=INT($B$1),IF(MOD(N5,1)=0,INT(N5)+下拉列表!$H$5,N5)>$B$1),AND(ISNUMBER(N5),INT(IF(MOD(N5,1)=0,INT(N5)+下拉列表!$H$5,N5))=INT($B$1)+1),AND(COUNTIF(Q5,"*领导DDL*")>0,ISNUMBER(N5),INT(IF(MOD(N5,1)=0,INT(N5)+下拉列表!$H$5,N5))<=INT($B$1)+2)),"2 今日处理",IF(AND(F5="等待他人",ISNUMBER(M5),IF(MOD(M5,1)=0,INT(M5)+下拉列表!$H$2,M5)>$B$1),"4 暂不关注","3 近期关注"))))) -> 4 暂不关注 | C5: 项目A | D5: 汇报材料 | E5: 专项材料后续维护 | F5: 已移交 | G5: 同事B | H5: 已完成资料和背景交接，后续由同事B维护 | J5: 项目群｜关键词：材料交接 | O5: =IF(E5="","",IF(L5="","",MAX(0,INT($B$1)-INT(L5))))
B6: =IF(E6="","",IF(OR(F6="已完成",F6="已取消",F6="已移交"),"4 暂不关注",IF(OR(R6="强制立即",A6="▶",AND(ISNUMBER(N6),IF(MOD(N6,1)=0,INT(N6)+下拉列表!$H$5,N6)<=$B$1),AND(F6<>"等待他人",OR(COUNTIF(Q6,"*止损*")>0,COUNTIF(Q6,"*阻塞*")>0))),"1 立即处理",IF(OR(R6="强制今日",AND(F6="等待他人",M6=""),AND(ISNUMBER(M6),IF(MOD(M6,1)=0,INT(M6)+下拉列表!$H$2,M6)<=$B$1),AND(ISNUMBER(N6),INT(IF(MOD(N6,1)=0,INT(N6)+下拉列表!$H$5,N6))=INT($B$1),IF(MOD(N6,1)=0,INT(N6)+下拉列表!$H$5,N6)>$B$1),AND(ISNUMBER(N6),INT(IF(MOD(N6,1)=0,INT(N6)+下拉列表!$H$5,N6))=INT($B$1)+1),AND(COUNTIF(Q6,"*领导DDL*")>0,ISNUMBER(N6),INT(IF(MOD(N6,1)=0,INT(N6)+下拉列表!$H$5,N6))<=INT($B$1)+2)),"2 今日处理",IF(AND(F6="等待他人",ISNUMBER(M6),IF(MOD(M6,1)=0,INT(M6)+下拉列表!$H$2,M6)>$B$1),"4 暂不关注","3 近期关注"))))) -> 2 今日处理 | C6: 项目C | D6: 例行工作 | E6: 每天做日报 | F6: 处理中 | G6: 我 | O6: =IF(E6="","",IF(L6="","",MAX(0,INT($B$1)-INT(L6)))) | R6: 强制今日
B7: =IF(E7="","",IF(OR(F7="已完成",F7="已取消",F7="已移交"),"4 暂不关注",IF(OR(R7="强制立即",A7="▶",AND(ISNUMBER(N7),IF(MOD(N7,1)=0,INT(N7)+下拉列表!$H$5,N7)<=$B$1),AND(F7<>"等待他人",OR(COUNTIF(Q7,"*止损*")>0,COUNTIF(Q7,"*阻塞*")>0))),"1 立即处理",IF(OR(R7="强制今日",AND(F7="等待他人",M7=""),AND(ISNUMBER(M7),IF(MOD(M7,1)=0,INT(M7)+下拉列表!$H$2,M7)<=$B$1),AND(ISNUMBER(N7),INT(IF(MOD(N7,1)=0,INT(N7)+下拉列表!$H$5,N7))=INT($B$1),IF(MOD(N7,1)=0,INT(N7)+下拉列表!$H$5,N7)>$B$1),AND(ISNUMBER(N7),INT(IF(MOD(N7,1)=0,INT(N7)+下拉列表!$H$5,N7))=INT($B$1)+1),AND(COUNTIF(Q7,"*领导DDL*")>0,ISNUMBER(N7),INT(IF(MOD(N7,1)=0,INT(N7)+下拉列表!$H$5,N7))<=INT($B$1)+2)),"2 今日处理",IF(AND(F7="等待他人",ISNUMBER(M7),IF(MOD(M7,1)=0,INT(M7)+下拉列表!$H$2,M7)>$B$1),"4 暂不关注","3 近期关注"))))) -> 2 今日处理 | C7: 项目D | D7: 需求/变更 | E7: 新功能需求申请 | F7: 等待他人 | H7: 卡点：多部门联合提出，牵头方不明 | I7: 待A部门/B部门确认牵头方 | O7: =IF(E7="","",IF(L7="","",MAX(0,INT($B$1)-INT(L7))))
B8: =IF(E8="","",IF(OR(F8="已完成",F8="已取消",F8="已移交"),"4 暂不关注",IF(OR(R8="强制立即",A8="▶",AND(ISNUMBER(N8),IF(MOD(N8,1)=0,INT(N8)+下拉列表!$H$5,N8)<=$B$1),AND(F8<>"等待他人",OR(COUNTIF(Q8,"*止损*")>0,COUNTIF(Q8,"*阻塞*")>0))),"1 立即处理",IF(OR(R8="强制今日",AND(F8="等待他人",M8=""),AND(ISNUMBER(M8),IF(MOD(M8,1)=0,INT(M8)+下拉列表!$H$2,M8)<=$B$1),AND(ISNUMBER(N8),INT(IF(MOD(N8,1)=0,INT(N8)+下拉列表!$H$5,N8))=INT($B$1),IF(MOD(N8,1)=0,INT(N8)+下拉列表!$H$5,N8)>$B$1),AND(ISNUMBER(N8),INT(IF(MOD(N8,1)=0,INT(N8)+下拉列表!$H$5,N8))=INT($B$1)+1),AND(COUNTIF(Q8,"*领导DDL*")>0,ISNUMBER(N8),INT(IF(MOD(N8,1)=0,INT(N8)+下拉列表!$H$5,N8))<=INT($B$1)+2)),"2 今日处理",IF(AND(F8="等待他人",ISNUMBER(M8),IF(MOD(M8,1)=0,INT(M8)+下拉列表!$H$2,M8)>$B$1),"4 暂不关注","3 近期关注"))))) -> 3 近期关注 | C8: 平台E | D8: 整改 | E8: 实用化情况整改材料 | F8: 待处理 | G8: 我 | I8: 实用化低的场景向业务部门确认要不要下架。 | O8: =IF(E8="","",IF(L8="","",MAX(0,INT($B$1)-INT(L8))))
B9: =IF(E9="","",IF(OR(F9="已完成",F9="已取消",F9="已移交"),"4 暂不关注",IF(OR(R9="强制立即",A9="▶",AND(ISNUMBER(N9),IF(MOD(N9,1)=0,INT(N9)+下拉列表!$H$5,N9)<=$B$1),AND(F9<>"等待他人",OR(COUNTIF(Q9,"*止损*")>0,COUNTIF(Q9,"*阻塞*")>0))),"1 立即处理",IF(OR(R9="强制今日",AND(F9="等待他人",M9=""),AND(ISNUMBER(M9),IF(MOD(M9,1)=0,INT(M9)+下拉列表!$H$2,M9)<=$B$1),AND(ISNUMBER(N9),INT(IF(MOD(N9,1)=0,INT(N9)+下拉列表!$H$5,N9))=INT($B$1),IF(MOD(N9,1)=0,INT(N9)+下拉列表!$H$5,N9)>$B$1),AND(ISNUMBER(N9),INT(IF(MOD(N9,1)=0,INT(N9)+下拉列表!$H$5,N9))=INT($B$1)+1),AND(COUNTIF(Q9,"*领导DDL*")>0,ISNUMBER(N9),INT(IF(MOD(N9,1)=0,INT(N9)+下拉列表!$H$5,N9))<=INT($B$1)+2)),"2 今日处理",IF(AND(F9="等待他人",ISNUMBER(M9),IF(MOD(M9,1)=0,INT(M9)+下拉列表!$H$2,M9)>$B$1),"4 暂不关注","3 近期关注"))))) -> 4 暂不关注 | C9: 杂活 | D9: 其他 | E9: 员工个人信息表，需手写 | F9: 已完成 | O9: =IF(E9="","",IF(L9="","",MAX(0,INT($B$1)-INT(L9))))
B10: =IF(E10="","",IF(OR(F10="已完成",F10="已取消",F10="已移交"),"4 暂不关注",IF(OR(R10="强制立即",A10="▶",AND(ISNUMBER(N10),IF(MOD(N10,1)=0,INT(N10)+下拉列表!$H$5,N10)<=$B$1),AND(F10<>"等待他人",OR(COUNTIF(Q10,"*止损*")>0,COUNTIF(Q10,"*阻塞*")>0))),"1 立即处理",IF(OR(R10="强制今日",AND(F10="等待他人",M10=""),AND(ISNUMBER(M10),IF(MOD(M10,1)=0,INT(M10)+下拉列表!$H$2,M10)<=$B$1),AND(ISNUMBER(N10),INT(IF(MOD(N10,1)=0,INT(N10)+下拉列表!$H$5,N10))=INT($B$1),IF(MOD(N10,1)=0,INT(N10)+下拉列表!$H$5,N10)>$B$1),AND(ISNUMBER(N10),INT(IF(MOD(N10,1)=0,INT(N10)+下拉列表!$H$5,N10))=INT($B$1)+1),AND(COUNTIF(Q10,"*领导DDL*")>0,ISNUMBER(N10),INT(IF(MOD(N10,1)=0,INT(N10)+下拉列表!$H$5,N10))<=INT($B$1)+2)),"2 今日处理",IF(AND(F10="等待他人",ISNUMBER(M10),IF(MOD(M10,1)=0,INT(M10)+下拉列表!$H$2,M10)>$B$1),"4 暂不关注","3 近期关注"))))) -> 1 立即处理 | C10: 杂活 | D10: 汇报材料 | E10: 本周梳理下工作交接 | F10: 待处理 | G10: 我 | K10: 46259 | M10: 46262.354 | N10: 46262.729 | O10: =IF(E10="","",IF(L10="","",MAX(0,INT($B$1)-INT(L10)))) | R10: 强制立即
B11: =IF(E11="","",IF(OR(F11="已完成",F11="已取消",F11="已移交"),"4 暂不关注",IF(OR(R11="强制立即",A11="▶",AND(ISNUMBER(N11),IF(MOD(N11,1)=0,INT(N11)+下拉列表!$H$5,N11)<=$B$1),AND(F11<>"等待他人",OR(COUNTIF(Q11,"*止损*")>0,COUNTIF(Q11,"*阻塞*")>0))),"1 立即处理",IF(OR(R11="强制今日",AND(F11="等待他人",M11=""),AND(ISNUMBER(M11),IF(MOD(M11,1)=0,INT(M11)+下拉列表!$H$2,M11)<=$B$1),AND(ISNUMBER(N11),INT(IF(MOD(N11,1)=0,INT(N11)+下拉列表!$H$5,N11))=INT($B$1),IF(MOD(N11,1)=0,INT(N11)+下拉列表!$H$5,N11)>$B$1),AND(ISNUMBER(N11),INT(IF(MOD(N11,1)=0,INT(N11)+下拉列表!$H$5,N11))=INT($B$1)+1),AND(COUNTIF(Q11,"*领导DDL*")>0,ISNUMBER(N11),INT(IF(MOD(N11,1)=0,INT(N11)+下拉列表!$H$5,N11))<=INT($B$1)+2)),"2 今日处理",IF(AND(F11="等待他人",ISNUMBER(M11),IF(MOD(M11,1)=0,INT(M11)+下拉列表!$H$2,M11)>$B$1),"4 暂不关注","3 近期关注"))))) | O11: =IF(E11="","",IF(L11="","",MAX(0,INT($B$1)-INT(L11))))
B12: =IF(E12="","",IF(OR(F12="已完成",F12="已取消",F12="已移交"),"4 暂不关注",IF(OR(R12="强制立即",A12="▶",AND(ISNUMBER(N12),IF(MOD(N12,1)=0,INT(N12)+下拉列表!$H$5,N12)<=$B$1),AND(F12<>"等待他人",OR(COUNTIF(Q12,"*止损*")>0,COUNTIF(Q12,"*阻塞*")>0))),"1 立即处理",IF(OR(R12="强制今日",AND(F12="等待他人",M12=""),AND(ISNUMBER(M12),IF(MOD(M12,1)=0,INT(M12)+下拉列表!$H$2,M12)<=$B$1),AND(ISNUMBER(N12),INT(IF(MOD(N12,1)=0,INT(N12)+下拉列表!$H$5,N12))=INT($B$1),IF(MOD(N12,1)=0,INT(N12)+下拉列表!$H$5,N12)>$B$1),AND(ISNUMBER(N12),INT(IF(MOD(N12,1)=0,INT(N12)+下拉列表!$H$5,N12))=INT($B$1)+1),AND(COUNTIF(Q12,"*领导DDL*")>0,ISNUMBER(N12),INT(IF(MOD(N12,1)=0,INT(N12)+下拉列表!$H$5,N12))<=INT($B$1)+2)),"2 今日处理",IF(AND(F12="等待他人",ISNUMBER(M12),IF(MOD(M12,1)=0,INT(M12)+下拉列表!$H$2,M12)>$B$1),"4 暂不关注","3 近期关注"))))) | O12: =IF(E12="","",IF(L12="","",MAX(0,INT($B$1)-INT(L12))))
B13: =IF(E13="","",IF(OR(F13="已完成",F13="已取消",F13="已移交"),"4 暂不关注",IF(OR(R13="强制立即",A13="▶",AND(ISNUMBER(N13),IF(MOD(N13,1)=0,INT(N13)+下拉列表!$H$5,N13)<=$B$1),AND(F13<>"等待他人",OR(COUNTIF(Q13,"*止损*")>0,COUNTIF(Q13,"*阻塞*")>0))),"1 立即处理",IF(OR(R13="强制今日",AND(F13="等待他人",M13=""),AND(ISNUMBER(M13),IF(MOD(M13,1)=0,INT(M13)+下拉列表!$H$2,M13)<=$B$1),AND(ISNUMBER(N13),INT(IF(MOD(N13,1)=0,INT(N13)+下拉列表!$H$5,N13))=INT($B$1),IF(MOD(N13,1)=0,INT(N13)+下拉列表!$H$5,N13)>$B$1),AND(ISNUMBER(N13),INT(IF(MOD(N13,1)=0,INT(N13)+下拉列表!$H$5,N13))=INT($B$1)+1),AND(COUNTIF(Q13,"*领导DDL*")>0,ISNUMBER(N13),INT(IF(MOD(N13,1)=0,INT(N13)+下拉列表!$H$5,N13))<=INT($B$1)+2)),"2 今日处理",IF(AND(F13="等待他人",ISNUMBER(M13),IF(MOD(M13,1)=0,INT(M13)+下拉列表!$H$2,M13)>$B$1),"4 暂不关注","3 近期关注"))))) | O13: =IF(E13="","",IF(L13="","",MAX(0,INT($B$1)-INT(L13))))
B14: =IF(E14="","",IF(OR(F14="已完成",F14="已取消",F14="已移交"),"4 暂不关注",IF(OR(R14="强制立即",A14="▶",AND(ISNUMBER(N14),IF(MOD(N14,1)=0,INT(N14)+下拉列表!$H$5,N14)<=$B$1),AND(F14<>"等待他人",OR(COUNTIF(Q14,"*止损*")>0,COUNTIF(Q14,"*阻塞*")>0))),"1 立即处理",IF(OR(R14="强制今日",AND(F14="等待他人",M14=""),AND(ISNUMBER(M14),IF(MOD(M14,1)=0,INT(M14)+下拉列表!$H$2,M14)<=$B$1),AND(ISNUMBER(N14),INT(IF(MOD(N14,1)=0,INT(N14)+下拉列表!$H$5,N14))=INT($B$1),IF(MOD(N14,1)=0,INT(N14)+下拉列表!$H$5,N14)>$B$1),AND(ISNUMBER(N14),INT(IF(MOD(N14,1)=0,INT(N14)+下拉列表!$H$5,N14))=INT($B$1)+1),AND(COUNTIF(Q14,"*领导DDL*")>0,ISNUMBER(N14),INT(IF(MOD(N14,1)=0,INT(N14)+下拉列表!$H$5,N14))<=INT($B$1)+2)),"2 今日处理",IF(AND(F14="等待他人",ISNUMBER(M14),IF(MOD(M14,1)=0,INT(M14)+下拉列表!$H$2,M14)>$B$1),"4 暂不关注","3 近期关注"))))) | O14: =IF(E14="","",IF(L14="","",MAX(0,INT($B$1)-INT(L14))))
B15: =IF(E15="","",IF(OR(F15="已完成",F15="已取消",F15="已移交"),"4 暂不关注",IF(OR(R15="强制立即",A15="▶",AND(ISNUMBER(N15),IF(MOD(N15,1)=0,INT(N15)+下拉列表!$H$5,N15)<=$B$1),AND(F15<>"等待他人",OR(COUNTIF(Q15,"*止损*")>0,COUNTIF(Q15,"*阻塞*")>0))),"1 立即处理",IF(OR(R15="强制今日",AND(F15="等待他人",M15=""),AND(ISNUMBER(M15),IF(MOD(M15,1)=0,INT(M15)+下拉列表!$H$2,M15)<=$B$1),AND(ISNUMBER(N15),INT(IF(MOD(N15,1)=0,INT(N15)+下拉列表!$H$5,N15))=INT($B$1),IF(MOD(N15,1)=0,INT(N15)+下拉列表!$H$5,N15)>$B$1),AND(ISNUMBER(N15),INT(IF(MOD(N15,1)=0,INT(N15)+下拉列表!$H$5,N15))=INT($B$1)+1),AND(COUNTIF(Q15,"*领导DDL*")>0,ISNUMBER(N15),INT(IF(MOD(N15,1)=0,INT(N15)+下拉列表!$H$5,N15))<=INT($B$1)+2)),"2 今日处理",IF(AND(F15="等待他人",ISNUMBER(M15),IF(MOD(M15,1)=0,INT(M15)+下拉列表!$H$2,M15)>$B$1),"4 暂不关注","3 近期关注"))))) | O15: =IF(E15="","",IF(L15="","",MAX(0,INT($B$1)-INT(L15))))
B16: =IF(E16="","",IF(OR(F16="已完成",F16="已取消",F16="已移交"),"4 暂不关注",IF(OR(R16="强制立即",A16="▶",AND(ISNUMBER(N16),IF(MOD(N16,1)=0,INT(N16)+下拉列表!$H$5,N16)<=$B$1),AND(F16<>"等待他人",OR(COUNTIF(Q16,"*止损*")>0,COUNTIF(Q16,"*阻塞*")>0))),"1 立即处理",IF(OR(R16="强制今日",AND(F16="等待他人",M16=""),AND(ISNUMBER(M16),IF(MOD(M16,1)=0,INT(M16)+下拉列表!$H$2,M16)<=$B$1),AND(ISNUMBER(N16),INT(IF(MOD(N16,1)=0,INT(N16)+下拉列表!$H$5,N16))=INT($B$1),IF(MOD(N16,1)=0,INT(N16)+下拉列表!$H$5,N16)>$B$1),AND(ISNUMBER(N16),INT(IF(MOD(N16,1)=0,INT(N16)+下拉列表!$H$5,N16))=INT($B$1)+1),AND(COUNTIF(Q16,"*领导DDL*")>0,ISNUMBER(N16),INT(IF(MOD(N16,1)=0,INT(N16)+下拉列表!$H$5,N16))<=INT($B$1)+2)),"2 今日处理",IF(AND(F16="等待他人",ISNUMBER(M16),IF(MOD(M16,1)=0,INT(M16)+下拉列表!$H$2,M16)>$B$1),"4 暂不关注","3 近期关注"))))) | O16: =IF(E16="","",IF(L16="","",MAX(0,INT($B$1)-INT(L16))))
B17: =IF(E17="","",IF(OR(F17="已完成",F17="已取消",F17="已移交"),"4 暂不关注",IF(OR(R17="强制立即",A17="▶",AND(ISNUMBER(N17),IF(MOD(N17,1)=0,INT(N17)+下拉列表!$H$5,N17)<=$B$1),AND(F17<>"等待他人",OR(COUNTIF(Q17,"*止损*")>0,COUNTIF(Q17,"*阻塞*")>0))),"1 立即处理",IF(OR(R17="强制今日",AND(F17="等待他人",M17=""),AND(ISNUMBER(M17),IF(MOD(M17,1)=0,INT(M17)+下拉列表!$H$2,M17)<=$B$1),AND(ISNUMBER(N17),INT(IF(MOD(N17,1)=0,INT(N17)+下拉列表!$H$5,N17))=INT($B$1),IF(MOD(N17,1)=0,INT(N17)+下拉列表!$H$5,N17)>$B$1),AND(ISNUMBER(N17),INT(IF(MOD(N17,1)=0,INT(N17)+下拉列表!$H$5,N17))=INT($B$1)+1),AND(COUNTIF(Q17,"*领导DDL*")>0,ISNUMBER(N17),INT(IF(MOD(N17,1)=0,INT(N17)+下拉列表!$H$5,N17))<=INT($B$1)+2)),"2 今日处理",IF(AND(F17="等待他人",ISNUMBER(M17),IF(MOD(M17,1)=0,INT(M17)+下拉列表!$H$2,M17)>$B$1),"4 暂不关注","3 近期关注"))))) | O17: =IF(E17="","",IF(L17="","",MAX(0,INT($B$1)-INT(L17))))
B18: =IF(E18="","",IF(OR(F18="已完成",F18="已取消",F18="已移交"),"4 暂不关注",IF(OR(R18="强制立即",A18="▶",AND(ISNUMBER(N18),IF(MOD(N18,1)=0,INT(N18)+下拉列表!$H$5,N18)<=$B$1),AND(F18<>"等待他人",OR(COUNTIF(Q18,"*止损*")>0,COUNTIF(Q18,"*阻塞*")>0))),"1 立即处理",IF(OR(R18="强制今日",AND(F18="等待他人",M18=""),AND(ISNUMBER(M18),IF(MOD(M18,1)=0,INT(M18)+下拉列表!$H$2,M18)<=$B$1),AND(ISNUMBER(N18),INT(IF(MOD(N18,1)=0,INT(N18)+下拉列表!$H$5,N18))=INT($B$1),IF(MOD(N18,1)=0,INT(N18)+下拉列表!$H$5,N18)>$B$1),AND(ISNUMBER(N18),INT(IF(MOD(N18,1)=0,INT(N18)+下拉列表!$H$5,N18))=INT($B$1)+1),AND(COUNTIF(Q18,"*领导DDL*")>0,ISNUMBER(N18),INT(IF(MOD(N18,1)=0,INT(N18)+下拉列表!$H$5,N18))<=INT($B$1)+2)),"2 今日处理",IF(AND(F18="等待他人",ISNUMBER(M18),IF(MOD(M18,1)=0,INT(M18)+下拉列表!$H$2,M18)>$B$1),"4 暂不关注","3 近期关注"))))) | O18: =IF(E18="","",IF(L18="","",MAX(0,INT($B$1)-INT(L18))))
B19: =IF(E19="","",IF(OR(F19="已完成",F19="已取消",F19="已移交"),"4 暂不关注",IF(OR(R19="强制立即",A19="▶",AND(ISNUMBER(N19),IF(MOD(N19,1)=0,INT(N19)+下拉列表!$H$5,N19)<=$B$1),AND(F19<>"等待他人",OR(COUNTIF(Q19,"*止损*")>0,COUNTIF(Q19,"*阻塞*")>0))),"1 立即处理",IF(OR(R19="强制今日",AND(F19="等待他人",M19=""),AND(ISNUMBER(M19),IF(MOD(M19,1)=0,INT(M19)+下拉列表!$H$2,M19)<=$B$1),AND(ISNUMBER(N19),INT(IF(MOD(N19,1)=0,INT(N19)+下拉列表!$H$5,N19))=INT($B$1),IF(MOD(N19,1)=0,INT(N19)+下拉列表!$H$5,N19)>$B$1),AND(ISNUMBER(N19),INT(IF(MOD(N19,1)=0,INT(N19)+下拉列表!$H$5,N19))=INT($B$1)+1),AND(COUNTIF(Q19,"*领导DDL*")>0,ISNUMBER(N19),INT(IF(MOD(N19,1)=0,INT(N19)+下拉列表!$H$5,N19))<=INT($B$1)+2)),"2 今日处理",IF(AND(F19="等待他人",ISNUMBER(M19),IF(MOD(M19,1)=0,INT(M19)+下拉列表!$H$2,M19)>$B$1),"4 暂不关注","3 近期关注"))))) | O19: =IF(E19="","",IF(L19="","",MAX(0,INT($B$1)-INT(L19))))
B20: =IF(E20="","",IF(OR(F20="已完成",F20="已取消",F20="已移交"),"4 暂不关注",IF(OR(R20="强制立即",A20="▶",AND(ISNUMBER(N20),IF(MOD(N20,1)=0,INT(N20)+下拉列表!$H$5,N20)<=$B$1),AND(F20<>"等待他人",OR(COUNTIF(Q20,"*止损*")>0,COUNTIF(Q20,"*阻塞*")>0))),"1 立即处理",IF(OR(R20="强制今日",AND(F20="等待他人",M20=""),AND(ISNUMBER(M20),IF(MOD(M20,1)=0,INT(M20)+下拉列表!$H$2,M20)<=$B$1),AND(ISNUMBER(N20),INT(IF(MOD(N20,1)=0,INT(N20)+下拉列表!$H$5,N20))=INT($B$1),IF(MOD(N20,1)=0,INT(N20)+下拉列表!$H$5,N20)>$B$1),AND(ISNUMBER(N20),INT(IF(MOD(N20,1)=0,INT(N20)+下拉列表!$H$5,N20))=INT($B$1)+1),AND(COUNTIF(Q20,"*领导DDL*")>0,ISNUMBER(N20),INT(IF(MOD(N20,1)=0,INT(N20)+下拉列表!$H$5,N20))<=INT($B$1)+2)),"2 今日处理",IF(AND(F20="等待他人",ISNUMBER(M20),IF(MOD(M20,1)=0,INT(M20)+下拉列表!$H$2,M20)>$B$1),"4 暂不关注","3 近期关注"))))) | O20: =IF(E20="","",IF(L20="","",MAX(0,INT($B$1)-INT(L20))))
B21: =IF(E21="","",IF(OR(F21="已完成",F21="已取消",F21="已移交"),"4 暂不关注",IF(OR(R21="强制立即",A21="▶",AND(ISNUMBER(N21),IF(MOD(N21,1)=0,INT(N21)+下拉列表!$H$5,N21)<=$B$1),AND(F21<>"等待他人",OR(COUNTIF(Q21,"*止损*")>0,COUNTIF(Q21,"*阻塞*")>0))),"1 立即处理",IF(OR(R21="强制今日",AND(F21="等待他人",M21=""),AND(ISNUMBER(M21),IF(MOD(M21,1)=0,INT(M21)+下拉列表!$H$2,M21)<=$B$1),AND(ISNUMBER(N21),INT(IF(MOD(N21,1)=0,INT(N21)+下拉列表!$H$5,N21))=INT($B$1),IF(MOD(N21,1)=0,INT(N21)+下拉列表!$H$5,N21)>$B$1),AND(ISNUMBER(N21),INT(IF(MOD(N21,1)=0,INT(N21)+下拉列表!$H$5,N21))=INT($B$1)+1),AND(COUNTIF(Q21,"*领导DDL*")>0,ISNUMBER(N21),INT(IF(MOD(N21,1)=0,INT(N21)+下拉列表!$H$5,N21))<=INT($B$1)+2)),"2 今日处理",IF(AND(F21="等待他人",ISNUMBER(M21),IF(MOD(M21,1)=0,INT(M21)+下拉列表!$H$2,M21)>$B$1),"4 暂不关注","3 近期关注"))))) | O21: =IF(E21="","",IF(L21="","",MAX(0,INT($B$1)-INT(L21))))
B22: =IF(E22="","",IF(OR(F22="已完成",F22="已取消",F22="已移交"),"4 暂不关注",IF(OR(R22="强制立即",A22="▶",AND(ISNUMBER(N22),IF(MOD(N22,1)=0,INT(N22)+下拉列表!$H$5,N22)<=$B$1),AND(F22<>"等待他人",OR(COUNTIF(Q22,"*止损*")>0,COUNTIF(Q22,"*阻塞*")>0))),"1 立即处理",IF(OR(R22="强制今日",AND(F22="等待他人",M22=""),AND(ISNUMBER(M22),IF(MOD(M22,1)=0,INT(M22)+下拉列表!$H$2,M22)<=$B$1),AND(ISNUMBER(N22),INT(IF(MOD(N22,1)=0,INT(N22)+下拉列表!$H$5,N22))=INT($B$1),IF(MOD(N22,1)=0,INT(N22)+下拉列表!$H$5,N22)>$B$1),AND(ISNUMBER(N22),INT(IF(MOD(N22,1)=0,INT(N22)+下拉列表!$H$5,N22))=INT($B$1)+1),AND(COUNTIF(Q22,"*领导DDL*")>0,ISNUMBER(N22),INT(IF(MOD(N22,1)=0,INT(N22)+下拉列表!$H$5,N22))<=INT($B$1)+2)),"2 今日处理",IF(AND(F22="等待他人",ISNUMBER(M22),IF(MOD(M22,1)=0,INT(M22)+下拉列表!$H$2,M22)>$B$1),"4 暂不关注","3 近期关注"))))) | O22: =IF(E22="","",IF(L22="","",MAX(0,INT($B$1)-INT(L22))))
... B271: =IF(E271="","",IF(OR(F271="已完成",F271="已取消",F271="已移交"),"4 暂不关注",IF(OR(R271="强制立即",A271="▶",AND(ISNUMBER(N271),IF(MOD(N271,1)=0,INT(N271)+下拉列表!$H$5,N271)<=$B$1),AND(F271<>"等待他人",OR(COUNTIF(Q271,"*止损*")>0,COUNTIF(Q271,"*阻塞*")>0))),"1 立即处理",IF(OR(R271="强制今日",AND(F271="等待他人",M271=""),AND(ISNUMBER(M271),IF(MOD(M271,1)=0,INT(M271)+下拉列表!$H$2,M271)<=$B$1),AND(ISNUMBER(N271),INT(IF(MOD(N271,1)=0,INT(N271)+下拉列表!$H$5,N271))=INT($B$1),IF(MOD(N271,1)=0,INT(N271)+下拉列表!$H$5,N271)>$B$1),AND(ISNUMBER(N271),INT(IF(MOD(N271,1)=0,INT(N271)+下拉列表!$H$5,N271))=INT($B$1)+1),AND(COUNTIF(Q271,"*领导DDL*")>0,ISNUMBER(N271),INT(IF(MOD(N271,1)=0,INT(N271)+下拉列表!$H$5,N271))<=INT($B$1)+2)),"2 今日处理",IF(AND(F271="等待他人",ISNUMBER(M271),IF(MOD(M271,1)=0,INT(M271)+下拉列表!$H$2,M271)>$B$1),"4 暂不关注","3 近期关注"))))) | O271: =IF(E271="","",IF(L271="","",MAX(0,INT($B$1)-INT(L271))))

Sheet 工作事项日志
A1: 日期 | B1: 时间/时点（可选） | C1: 项目 | D1: 事项 | E1: 事件/进展 | F1: 状态（可选） | G1: 当前球权（可选） | H1: 下一步动作（可选） | I1: 备注（可选）

Sheet 使用说明
A1: 个人工作驾驶舱 V1.0｜使用说明
A3: 一、核心理念
A4: 定位 | B4: 可信赖的外部工作记忆 + 当前推进工作台。轻启动、轻维护优先；日志、复盘和汇报尽量成为副产品。
A5: 排序原则 | B5: 不做“重要×紧急”复杂评分。优先处理“晚一两个小时，代价最大”的事项；机器给默认判断，人保留纠偏权。
A6: 二、每日使用流程
A7: 早上 | B7: 打开主表 → 看“1 立即处理 / 2 今日处理” → 选定唯一一个“▶当前” → 开始工作。
A8: 过程中 | B8: 新事项新增一行；实质进展只更新必要字段（状态/当前进展/下一步动作/最近更新时间），不要求一次填满。
A9: 等待他人 | B9: 状态改为“等待他人” + 填当前球权 + 必须设置下一关注时间。到时前自动沉底，到时后自动浮回。
A10: 被打断 | B10: 确认“▶当前”仍指向刚才任务；下一步动作写到能直接恢复工作的粒度；必要时用“定位入口”记录聊天/文件/系统位置。
A11: 下班前 | B11: 收口当天变化；检查等待他人但缺下一关注时间的告警；按需把有意义的进展写入日志，然后关表。
A12: 三、关键字段
A13: 事项 | B13: 一行 = 一个需要持续关注到闭环的事项；不要把每一步都拆成独立事项。
A14: 状态 | B14: 待处理 / 处理中 / 等待他人 / 受阻 / 已完成 / 已移交 / 已取消。状态只描述当前生命周期与阻塞状态。
A15: 当前球权 | B15: 表示“下一步动作现在轮到谁”，不是项目总责任人。
A16: 当前进展 / 下一步动作 | B16: 当前进展负责恢复上下文；下一步动作只写当前一步，也作为被打断后的恢复点。
A17: 定位入口 | B17: 可选。写“从哪里重新进入这件事”，如：XX群+关键词、系统菜单/工单号、共享盘或本地路径。
A18: 时间字段 | B18: 顺序固定：添加时间 → 最近更新时间 → 下一关注时间 → 截止时间 → 滞留天数。添加/最近更新显示月日。
A19: 完整流程 | B19: 复杂事项可选，用“☑ 已完成步骤 → ☐ 下一步骤 → ☐ 后续步骤”保存路线图。
A20: 加速因素 / 人工置顶 | B20: 加速因素可用“领导DDL｜止损｜阻塞｜启动”；人工置顶只用于纠偏，平时留空。
A21: 四、状态与关注规则
A22: 等待他人 vs 已移交 | B22: 等待他人：事项仍由你负责，必须设下一关注时间；已移交：责任已正式转出，自动进入“4 暂不关注”，旧截止时间不再触发逾期。
A23: 关注级别 | B23: 1 立即处理 / 2 今日处理 / 3 近期关注 / 4 暂不关注。关注级别由状态、当前时间、下一关注、截止、加速因素和人工置顶自动生成。
A24: 五、日志与复盘
A25: 日志粒度 | B25: 按“事项 × 有意义的事件”记录；通常一天一条即可，若同一事项当天有多个关键节点可多条。
A26: 项目日志 | B26: 所有项目共用一张日志；筛选“项目”即可得到单项目时间线。日志不是聊天审计记录，也不是主表的历史镜像。
A27: 项目与杂活 | B27: 正式项目填写项目名；非项目零碎事项统一写“杂活”，项目复盘时可直接排除。
A28: 六、显示与录入约定
A29: 单元格分界 | B29: 主表与三个子表的内容区都使用浅灰色横向 + 纵向细边框。颜色高亮由条件格式单独负责，不用底色替代单元格分界。
A30: 下拉与自由文本 | B30: 状态、事项类型、当前标记、人工置顶等使用下拉；项目、当前球权、定位入口保持自由文本。加速因素支持下拉建议 + 手工多标签。
A31: 时间输入 | B31: 下一关注：仅日期/上午按08:30，下午按14:30；截止：上午前按12:00，仅日期/当天前按17:30；有明确时点可直接输入实际时间。
A32: 七、边界与注意事项
A33: 默认不做 | B33: 不做团队协作权限、复杂工时、数值评分、Jira式子任务、文件版本管理或审计级每次编辑留痕。
A34: 敏感信息 | B34: 台账可包含项目、聊天线索、文件路径等敏感信息；不要把真实工作簿直接上传公网 AI 或公开仓库，优先使用组织允许的内网工具。
A35: 维护原则 | B35: 任何新增字段/自动化都要先问：是否真的降低遗漏或重复维护？能否由已有字段推导？核心工作簿应在无宏、无AI时仍可正常使用。
A36: 最终目标 | B36: 把工作状态可靠地放到外部系统里：今天不需要关注的事情，不占用今天的注意力；关掉工作簿后，工作也能暂时从脑子里关掉。

Sheet 下拉列表
A1: 事项类型 | B1: 状态 | C1: 人工置顶 | D1: 加速因素建议（可多标签） | E1: 当前标记 | G1: 时间语义 | H1: 默认时点
A2: 需求/变更 | B2: 待处理 | C2: 强制立即 | D2: 领导DDL | E2: ▶ | G2: 下一关注-上午/仅日期 | H2: 0.35416667
A3: 开发实施 | B3: 处理中 | C3: 强制今日 | D3: 止损 | G3: 下一关注-下午 | H3: 0.60416667
A4: 数据 | B4: 等待他人 | D4: 阻塞 | G4: 截止-上午前 | H4: 0.5
A5: 权限 | B5: 受阻 | D5: 启动 | G5: 截止-当天前/仅日期 | H5: 0.72916667
A6: 资源 | B6: 已完成
A7: 策略/配置 | B7: 已取消
A8: 架构/安全 | B8: 已移交
A9: 集成/并网
A10: 测试
A11: 整改
A12: 验收/移交
A13: 运维/指令
A14: 汇报材料
A15: 竞赛/专项
A16: 例行工作
A17: 其他
